"","LocationLatitude","LocationLongitude"
"1","36.31700000000000017053025658242404460906982421875","-94.156800000000004047251422889530658721923828125"
"2","38.50919999999999987494447850622236728668212890625","-121.495599999999996043698047287762165069580078125"
"3","40.06099999999999994315658113919198513031005859375","-75.0501000000000004774847184307873249053955078125"
"4","33.3875000000000028421709430404007434844970703125","-111.8507000000000033423930290155112743377685546875"
"5","29.520900000000001028865881380625069141387939453125","-95.1921999999999997044142219237983226776123046875"
"6","35.050600000000002864908310584723949432373046875","-106.7249000000000052068571676500141620635986328125"
"7","47.53569999999999851070242584683001041412353515625","-122.35030000000000427462509833276271820068359375"
"8","40.34729999999999705551090301014482975006103515625","-75.93049999999999499777914024889469146728515625"
"9","37.11370000000000146656020660884678363800048828125","-93.2895999999999929741534288041293621063232421875"
"10","33.4166000000000025238477974198758602142333984375","-86.7794999999999987494447850622236728668212890625"
"11","43.1152000000000015234036254696547985076904296875","-85.513599999999996725819073617458343505859375"
"12","27.3682000000000016370904631912708282470703125","-82.484700000000003683453542180359363555908203125"
"13","32.847700000000003228706191293895244598388671875","-96.7025000000000005684341886080801486968994140625"
"14","39.738799999999997680788510479032993316650390625","-104.9868000000000023419488570652902126312255859375"
"15","32.8215000000000003410605131648480892181396484375","-80.0567999999999955207385937683284282684326171875"
"16","38.420299999999997453414835035800933837890625","-81.994699999999994588506524451076984405517578125"
"17","42.3498000000000018872015061788260936737060546875","-71.0764999999999957935870043002068996429443359375"
"18","33.83319999999999794226823723874986171722412109375","-84.6030999999999977490006131120026111602783203125"
"19","33.46829999999999927240423858165740966796875","-112.054900000000003501554601825773715972900390625"
"20","28.0056000000000011596057447604835033416748046875","-82.112200000000001409716787748038768768310546875"
"21","33.7349999999999994315658113919198513031005859375","-117.784999999999996589394868351519107818603515625"
"22","30.00430000000000063664629124104976654052734375","-95.174700000000001409716787748038768768310546875"
"23","42.16890000000000071622707764618098735809326171875","-87.8546000000000049112713895738124847412109375"
"24","40.0499999999999971578290569595992565155029296875","-105.2169999999999987494447850622236728668212890625"
"25","44.52279999999999660076355212368071079254150390625","-89.558300000000002683009370230138301849365234375"
"26","38.68289999999999650981408194638788700103759765625","-121.79689999999999372448655776679515838623046875"
"27","40.09819999999999851070242584683001041412353515625","-83.1580000000000012505552149377763271331787109375"
"28","27.961099999999998289013092289678752422332763671875","-81.9398000000000052978066378273069858551025390625"
"29","32.26989999999999980673237587325274944305419921875","-110.98529999999999517967808060348033905029296875"
"30","26.251599999999999823785401531495153903961181640625","-98.2270999999999929741534288041293621063232421875"
"31","37.9269000000000033878677641041576862335205078125","-122.33129999999999881765688769519329071044921875"
"32","32.9346000000000032059688237495720386505126953125","-96.5544000000000011141310096718370914459228515625"
"33","40.7428000000000025693225325085222721099853515625","-73.9711999999999960664354148320853710174560546875"
"34","29.93809999999999860165189602412283420562744140625","-90.030900000000002592059900052845478057861328125"
"35","40.4797999999999973397279973141849040985107421875","-88.992199999999996862243278883397579193115234375"
"36","41.2291000000000025238477974198758602142333984375","-80.7586000000000012732925824820995330810546875"
"37","39.9206999999999965211827657185494899749755859375","-75.2673999999999949750417727045714855194091796875"
"38","33.00319999999999964757080306299030780792236328125","-96.5434000000000054342308430932462215423583984375"
"39","47.7576999999999998181010596454143524169921875","-117.4144000000000005456968210637569427490234375"
"40","34.643000000000000682121026329696178436279296875","-86.81680000000000063664629124104976654052734375"
"41","47.64620000000000032969182939268648624420166015625","-117.2656999999999953843143885023891925811767578125"
"42","42.15059999999999718056642450392246246337890625","-76.0550999999999959300112095661461353302001953125"
"43","39.0005000000000023874235921539366245269775390625","-76.9711999999999960664354148320853710174560546875"
"44","36.06819999999999737383404863066971302032470703125","-80.29279999999999972715158946812152862548828125"
"45","41.7087999999999965439201332628726959228515625","-83.60529999999999972715158946812152862548828125"
"46","37.308300000000002683009370230138301849365234375","-121.9642999999999943838702165521681308746337890625"
"47","44.986299999999999954525264911353588104248046875","-92.7278000000000020008883439004421234130859375"
"48","41.70570000000000021600499167107045650482177734375","-88.1945999999999941110218060202896595001220703125"
"49","40.84700000000000130739863379858434200286865234375","-73.8615999999999957026375341229140758514404296875"
"50","41.40979999999999705551090301014482975006103515625","-73.590000000000003410605131648480892181396484375"
"51","37.75059999999999860165189602412283420562744140625","-122.4120999999999952478901832364499568939208984375"
"52","37.75099999999999766941982670687139034271240234375","-97.8220000000000027284841053187847137451171875"
"53","41.80590000000000117097442853264510631561279296875","-89.7105999999999994543031789362430572509765625"
"54","34.2665999999999968395059113390743732452392578125","-118.7643000000000057525539887137711048126220703125"
"55","34.19789999999999707824827055446803569793701171875","-118.5370999999999952478901832364499568939208984375"
"56","33.19089999999999918145476840436458587646484375","-96.61979999999999790816218592226505279541015625"
"57","26.21340000000000003410605131648480892181396484375","-80.2239000000000004320099833421409130096435546875"
"58","38.5773999999999972487785271368920803070068359375","-90.6709000000000031604940886609256267547607421875"
"59","37.77969999999999828332875040359795093536376953125","-122.415899999999993497112882323563098907470703125"
"60","33.6749999999999971578290569595992565155029296875","-118.0027000000000043655745685100555419921875"
"61","35.63550000000000039790393202565610408782958984375","-82.5644999999999953388396534137427806854248046875"
"62","33.8001000000000004774847184307873249053955078125","-117.994900000000001227817847393453121185302734375"
"63","30.290299999999998448174665099941194057464599609375","-81.5092000000000069803718361072242259979248046875"
"64","37.75619999999999976125764078460633754730224609375","-122.4865999999999957026375341229140758514404296875"
"65","40.10860000000000269437805400229990482330322265625","-75.28350000000000363797880709171295166015625"
"66","38.455500000000000682121026329696178436279296875","-77.4325999999999936562744551338255405426025390625"
"67","34.10040000000000048885340220294892787933349609375","-118.29460000000000263753463514149188995361328125"
"68","33.56790000000000162572177941910922527313232421875","-117.704599999999999226929503493010997772216796875"
"69","41.23949999999999960209606797434389591217041015625","-82.597499999999996589394868351519107818603515625"
"70","31.265299999999999869260136620141565799713134765625","-85.3991999999999933379513095133006572723388671875"
"71","44.991500000000002046363078989088535308837890625","-84.14879999999999427018337883055210113525390625"
"72","40.945099999999996498445398174226284027099609375","-74.2531000000000034333424991928040981292724609375"
"73","30.693400000000000460431692772544920444488525390625","-87.385999999999995679900166578590869903564453125"
"74","42.35620000000000118234311230480670928955078125","-71.0631000000000057070792536251246929168701171875"
"75","39.04520000000000123918653116561472415924072265625","-94.7189000000000049794834922067821025848388671875"
"76","41.83070000000000021600499167107045650482177734375","-71.398200000000002773958840407431125640869140625"
"77","42.06479999999999819237928022630512714385986328125","-87.935599999999993769961292855441570281982421875"
"78","34.2665999999999968395059113390743732452392578125","-118.7643000000000057525539887137711048126220703125"
"79","34.02900000000000346744855050928890705108642578125","-118.400499999999993860910763032734394073486328125"
"80","38.6758999999999986130205797962844371795654296875","-77.3157000000000067529981606639921665191650390625"
"81","46.35210000000000007958078640513122081756591796875","-94.1046000000000049112713895738124847412109375"
"82","32.91029999999999944293449516408145427703857421875","-96.7283000000000043883119360543787479400634765625"
"83","32.5938000000000016598278307355940341949462890625","-83.64199999999999590727384202182292938232421875"
"84","41.87400000000000233058017329312860965728759765625","-71.384399999999999408828443847596645355224609375"
"85","42.375","-70.9756000000000000227373675443232059478759765625"
"86","41.0816999999999978854248183779418468475341796875","-74.1863000000000027966962079517543315887451171875"
"87","47.60340000000000060254023992456495761871337890625","-122.341399999999993042365531437098979949951171875"
"88","33.9739000000000004320099833421409130096435546875","-81.234499999999997044142219237983226776123046875"
"89","40.6786000000000029785951483063399791717529296875","-89.633499999999997953636921010911464691162109375"
"90","43.17229999999999989768184605054557323455810546875","-76.1032000000000010686562745831906795501708984375"
"91","35.41550000000000153477230924181640148162841796875","-80.6143000000000000682121026329696178436279296875"
"92","25.984300000000001062971932697109878063201904296875","-80.21490000000000009094947017729282379150390625"
"93","33.19859999999999899955582804977893829345703125","-117.2460999999999984311216394416987895965576171875"
"94","29.66689999999999827196006663143634796142578125","-81.6578999999999979308995534665882587432861328125"
"95","40.68769999999999953388396534137427806854248046875","-73.9266999999999967485564411617815494537353515625"
"96","42.3736999999999994770405464805662631988525390625","-71.12839999999999918145476840436458587646484375"
"97","41.11500000000000198951966012828052043914794921875","-74.587500000000005684341886080801486968994140625"
"98","39.9596999999999979991116560995578765869140625","-75.19950000000000045474735088646411895751953125"
"99","42.36489999999999866986399865709245204925537109375","-71.0986999999999937926986603997647762298583984375"
"100","40.0818000000000012050804798491299152374267578125","-82.96649999999999636202119290828704833984375"
"101","29.791199999999999903366187936626374721527099609375","-95.4181999999999987949195201508700847625732421875"
"102","26.58239999999999980673237587325274944305419921875","-81.8319999999999936335370875895023345947265625"
"103","40.0731999999999999317878973670303821563720703125","-82.4017000000000052750692702829837799072265625"
"104","27.746500000000001051603248924948275089263916015625","-82.75020000000000663931132294237613677978515625"
"105","36.79690000000000082991391536779701709747314453125","-76.179699999999996862243278883397579193115234375"
"106","37.84870000000000089812601800076663494110107421875","-122.220900000000000318323145620524883270263671875"
"107","37.402500000000003410605131648480892181396484375","-121.8659999999999996589394868351519107818603515625"
"108","40.59779999999999944293449516408145427703857421875","-74.000100000000003319655661471188068389892578125"
"109","42.1614000000000004320099833421409130096435546875","-87.9659999999999939745976007543504238128662109375"
"110","33.1794000000000011141310096718370914459228515625","-96.953800000000001091393642127513885498046875"
"111","40.5221999999999979991116560995578765869140625","-78.403400000000004865796654485166072845458984375"
"112","37.75099999999999766941982670687139034271240234375","-97.8220000000000027284841053187847137451171875"
"113","40.746499999999997498889570124447345733642578125","-73.9090000000000060254023992456495761871337890625"
"114","44.92410000000000280806489172391593456268310546875","-123.3247999999999962028596200980246067047119140625"
"115","34.0544000000000011141310096718370914459228515625","-118.243999999999999772626324556767940521240234375"
"116","39.264499999999998181010596454143524169921875","-76.622399999999998954081092961132526397705078125"
"117","33.7873000000000018872015061788260936737060546875","-117.923100000000005138645065017044544219970703125"
"118","41.7017000000000024328983272425830364227294921875","-86.291300000000006775735528208315372467041015625"
"119","44.05630000000000023874235921539366245269775390625","-122.9163999999999958845364744774997234344482421875"
"120","39.93610000000000326281224261038005352020263671875","-75.2625000000000028421709430404007434844970703125"
"121","37.782499999999998863131622783839702606201171875","-122.43500000000000227373675443232059478759765625"
"122","41.424700000000001409716787748038768768310546875","-105.4780999999999977490006131120026111602783203125"
"123","40.699399999999997135091689415276050567626953125","-73.8883000000000009777068044058978557586669921875"
"124","47.5741000000000013869794202037155628204345703125","-122.3974999999999937472239253111183643341064453125"
"125","39.8299999999999982946974341757595539093017578125","-75.4154999999999944293449516408145427703857421875"
"126","42.12930000000000063664629124104976654052734375","-72.7522000000000019781509763561189174652099609375"
"127","28.113099999999999312194631784223020076751708984375","-81.6240999999999985448084771633148193359375"
"128","37.33129999999999881765688769519329071044921875","-121.8401000000000067302607931196689605712890625"
"129","41.87639999999999673718775738961994647979736328125","-87.6132999999999952933649183250963687896728515625"
"130","33.05619999999999691908669774420559406280517578125","-117.26879999999999881765688769519329071044921875"
"131","38.56389999999999673718775738961994647979736328125","-121.44180000000000063664629124104976654052734375"
"132","35.5837999999999965439201332628726959228515625","-80.864000000000004320099833421409130096435546875"
"133","32.91029999999999944293449516408145427703857421875","-96.7283000000000043883119360543787479400634765625"
"134","41.89200000000000301270119962282478809356689453125","-87.6415999999999968395059113390743732452392578125"
"135","30.28869999999999862438926356844604015350341796875","-97.73980000000000245563569478690624237060546875"
"136","33.71730000000000160298441187478601932525634765625","-84.4783000000000043883119360543787479400634765625"
"137","40.712299999999999045030563138425350189208984375","-73.7985000000000042064129956997931003570556640625"
"138","47.60340000000000060254023992456495761871337890625","-122.341399999999993042365531437098979949951171875"
"139","37.6875","-85.8747000000000042518877307884395122528076171875"
"140","42.376800000000002910383045673370361328125","-71.0610999999999961573848850093781948089599609375"
"141","35.02649999999999863575794734060764312744140625","-110.6902000000000043655745685100555419921875"
"142","30.119299999999999073452272568829357624053955078125","-97.7395999999999958163243718445301055908203125"
"143","29.877199999999998425437297555617988109588623046875","-95.6937999999999959754859446547925472259521484375"
"144","33.792000000000001591615728102624416351318359375","-84.2048999999999949750417727045714855194091796875"
"145","47.6109000000000008867573342286050319671630859375","-122.330299999999994042809703387320041656494140625"
"146","35.22939999999999827196006663143634796142578125","-101.810599999999993769961292855441570281982421875"
"147","36.3519000000000005456968210637569427490234375","-94.2197000000000031150193535722792148590087890625"
"148","39.2272999999999996134647517465054988861083984375","-86.4659999999999939745976007543504238128662109375"
"149","33.627600000000001045918907038867473602294921875","-112.0511000000000052523319027386605739593505859375"
"150","27.96000000000000085265128291212022304534912109375","-82.461399999999997589839040301740169525146484375"
"151","47.60340000000000060254023992456495761871337890625","-122.341399999999993042365531437098979949951171875"
"152","37.37729999999999819237928022630512714385986328125","-122.0194000000000045247361413203179836273193359375"
"153","28.58149999999999835154085303656756877899169921875","-81.4849999999999994315658113919198513031005859375"
"154","40.02550000000000096633812063373625278472900390625","-75.0533999999999963392838253639638423919677734375"
"155","37.76879999999999881765688769519329071044921875","-122.26200000000000045474735088646411895751953125"
"156","28.634399999999999408828443847596645355224609375","-81.6221000000000032059688237495720386505126953125"
"157","40.68769999999999953388396534137427806854248046875","-73.9266999999999967485564411617815494537353515625"
"158","43.07419999999999760120772407390177249908447265625","-87.9149000000000029331204132176935672760009765625"
"159","34.16069999999999851070242584683001041412353515625","-118.2263999999999981582732289098203182220458984375"
"160","34.20949999999999846522769075818359851837158203125","-84.7685000000000030695446184836328029632568359375"
"161","33.61280000000000001136868377216160297393798828125","-117.6621999999999985675458447076380252838134765625"
"162","42.54090000000000060254023992456495761871337890625","-88.6058000000000021145751816220581531524658203125"
"163","38.41420000000000101181285572238266468048095703125","-81.7582000000000022055246517993509769439697265625"
"164","42.17190000000000082991391536779701709747314453125","-72.4720999999999975216269376687705516815185546875"
"165","35.94239999999999923829818726517260074615478515625","-78.6358000000000032514435588382184505462646484375"
"166","30.32169999999999987494447850622236728668212890625","-95.5284999999999939745976007543504238128662109375"
"167","47.1691000000000002501110429875552654266357421875","-122.5065000000000026147972675971686840057373046875"
"168","43.01400000000000289901436190120875835418701171875","-88.27830000000000154614099301397800445556640625"
"169","39.62530000000000285353962681256234645843505859375","-104.7862999999999971123543218709528446197509765625"
"170","37.33129999999999881765688769519329071044921875","-121.8401000000000067302607931196689605712890625"
"171","30.494099999999999539568307227455079555511474609375","-90.4750999999999976353137753903865814208984375"
"172","29.7376000000000004774847184307873249053955078125","-95.5210000000000007958078640513122081756591796875"
"173","40.1435000000000030695446184836328029632568359375","-75.3778999999999967940311762504279613494873046875"
"174","42.35130000000000194404492503963410854339599609375","-71.13700000000000045474735088646411895751953125"
"175","37.6875","-85.8747000000000042518877307884395122528076171875"
"176","29.80969999999999942019712761975824832916259765625","-82.467500000000001136868377216160297393798828125"
"177","30.6032000000000010686562745831906795501708984375","-96.3135999999999938836481305770576000213623046875"
"178","41.11370000000000146656020660884678363800048828125","-87.8693999999999988403942552395164966583251953125"
"179","46.41510000000000246700437855906784534454345703125","-84.2853999999999956571627990342676639556884765625"
"180","35.24260000000000303543856716714799404144287109375","-80.7409999999999996589394868351519107818603515625"
"181","33.71739999999999781721271574497222900390625","-85.8404000000000024783730623312294483184814453125"
"182","28.58149999999999835154085303656756877899169921875","-81.4849999999999994315658113919198513031005859375"
"183","32.46990000000000264890331891365349292755126953125","-90.1102000000000060708771343342959880828857421875"
"184","42.04690000000000082991391536779701709747314453125","-88.105099999999993087840266525745391845703125"
"185","45.67139999999999844249032321386039257049560546875","-111.043599999999997862687450833618640899658203125"
"186","37.30789999999999650981408194638788700103759765625","-76.744200000000006411937647499144077301025390625"
"187","40.81230000000000046611603465862572193145751953125","-73.968199999999995952748577110469341278076171875"
"188","37.21170000000000044337866711430251598358154296875","-93.299000000000006593836587853729724884033203125"
"189","39.915199999999998681232682429254055023193359375","-75.0738999999999947476680972613394260406494140625"
"190","28.213699999999999334931999328546226024627685546875","-82.6808999999999940655470709316432476043701171875"
"191","29.751999999999998891553332214243710041046142578125","-95.3430000000000035242919693700969219207763671875"
"192","34.74479999999999790816218592226505279541015625","-92.2883000000000066620486904866993427276611328125"
"193","29.947500000000001563194018672220408916473388671875","-81.526399999999995316102285869419574737548828125"
"194","30.486299999999999954525264911353588104248046875","-87.1829000000000036152414395473897457122802734375"
"195","28.195100000000000051159076974727213382720947265625","-81.60620000000000118234311230480670928955078125"
"196","32.77669999999999816964191268198192119598388671875","-96.80500000000000682121026329696178436279296875"
"197","40.0499999999999971578290569595992565155029296875","-105.2169999999999987494447850622236728668212890625"
"198","34.01140000000000185309545486234128475189208984375","-85.2471000000000032059688237495720386505126953125"
"199","34.0322000000000031150193535722792148590087890625","-118.283600000000006957634468562901020050048828125"
"200","32.91029999999999944293449516408145427703857421875","-96.7283000000000043883119360543787479400634765625"
"201","41.14620000000000032969182939268648624420166015625","-73.99660000000000081854523159563541412353515625"
"202","35.98060000000000258069121628068387508392333984375","-78.84260000000000445652403868734836578369140625"
"203","38.8125","-107.7467999999999932470018393360078334808349609375"
"204","40.13329999999999841975295566953718662261962890625","-85.6538000000000039335645851679146289825439453125"
"205","47.67219999999999657802618457935750484466552734375","-122.12569999999999481588019989430904388427734375"
"206","40.37299999999999755573298898525536060333251953125","-111.737200000000001409716787748038768768310546875"
"207","42.23140000000000071622707764618098735809326171875","-83.634399999999999408828443847596645355224609375"
"208","39.76970000000000027284841053187847137451171875","-89.6885999999999938836481305770576000213623046875"
"209","38.86699999999999732835931354202330112457275390625","-76.8173000000000030240698833949863910675048828125"
"210","41.2580999999999988858689903281629085540771484375","-95.9325000000000045474735088646411895751953125"
"211","47.0240000000000009094947017729282379150390625","-122.782700000000005502442945726215839385986328125"
"212","25.72070000000000078443918027915060520172119140625","-80.2776000000000067302607931196689605712890625"
"213","41.60470000000000112549969344399869441986083984375","-72.8812999999999959754859446547925472259521484375"
"214","34.0544000000000011141310096718370914459228515625","-118.243999999999999772626324556767940521240234375"
"215","40.77420000000000044337866711430251598358154296875","-111.8721000000000032059688237495720386505126953125"
"216","37.75580000000000069348971010185778141021728515625","-121.95269999999999299689079634845256805419921875"
"217","33.3962999999999965439201332628726959228515625","-84.5688999999999992951416061259806156158447265625"
"218","38.140500000000002955857780762016773223876953125","-85.69360000000000354702933691442012786865234375"
"219","47.12910000000000110276232589967548847198486328125","-122.40940000000000509317032992839813232421875"
"220","30.796800000000001062971932697109878063201904296875","-81.7051000000000016143530956469476222991943359375"
"221","39.738799999999997680788510479032993316650390625","-104.9868000000000023419488570652902126312255859375"
"222","38.45389999999999730562194599770009517669677734375","-90.328000000000002955857780762016773223876953125"
"223","35.51440000000000196678229258395731449127197265625","-97.5865000000000009094947017729282379150390625"
"224","40.87100000000000221689333557151257991790771484375","-73.0510000000000019326762412674725055694580078125"
"225","38.56819999999999737383404863066971302032470703125","-89.89650000000000318323145620524883270263671875"
"226","25.5972000000000008412825991399586200714111328125","-80.404799999999994497557054273784160614013671875"
"227","41.76520000000000010231815394945442676544189453125","-72.702799999999996316546457819640636444091796875"
"228","40.35560000000000258069121628068387508392333984375","-74.98390000000000554791768081486225128173828125"
"229","33.54899999999999948840923025272786617279052734375","-111.9566999999999978854248183779418468475341796875"
"230","40.78099999999999880628820392303168773651123046875","-73.9501000000000061618266045115888118743896484375"
"231","42.55380000000000251247911364771425724029541015625","-82.918499999999994543031789362430572509765625"
"232","42.20450000000000301270119962282478809356689453125","-71.8337999999999965439201332628726959228515625"
"233","37.99849999999999994315658113919198513031005859375","-121.887799999999998590283212251961231231689453125"
"234","28.195100000000000051159076974727213382720947265625","-81.60620000000000118234311230480670928955078125"
"235","42.6734000000000008867573342286050319671630859375","-82.7736000000000018417267710901796817779541015625"
"236","44.9534000000000020236257114447653293609619140625","-93.3842000000000069803718361072242259979248046875"
"237","35.71090000000000230784280574880540370941162109375","-109.53600000000000136424205265939235687255859375"
"238","35.5972000000000008412825991399586200714111328125","-87.8532000000000010686562745831906795501708984375"
"239","28.433800000000001517719283583573997020721435546875","-81.3472000000000008412825991399586200714111328125"
"240","40.824399999999997135091689415276050567626953125","-81.339799999999996771293808706104755401611328125"
"241","40.26729999999999876081346883438527584075927734375","-74.948700000000002319211489520967006683349609375"
"242","37.77590000000000003410605131648480892181396484375","-90.4070999999999997953636921010911464691162109375"
"243","40.59779999999999944293449516408145427703857421875","-74.000100000000003319655661471188068389892578125"
"244","43.01400000000000289901436190120875835418701171875","-88.27830000000000154614099301397800445556640625"
"245","42.04690000000000082991391536779701709747314453125","-88.105099999999993087840266525745391845703125"
"246","35.261200000000002319211489520967006683349609375","-120.655000000000001136868377216160297393798828125"
"247","33.02250000000000085265128291212022304534912109375","-96.7289999999999992041921359486877918243408203125"
"248","40.7924000000000006593836587853729724884033203125","-74.009600000000006048139766789972782135009765625"
"249","34.0544000000000011141310096718370914459228515625","-118.2441000000000030922819860279560089111328125"
"250","35.41449999999999675992512493394315242767333984375","-119.0403000000000020008883439004421234130859375"
"251","40.110399999999998499333742074668407440185546875","-83.113100000000002864908310584723949432373046875"
"252","41.7760999999999995679900166578590869903564453125","-71.4451999999999998181010596454143524169921875"
"253","40.6304999999999978399500832892954349517822265625","-89.6951999999999998181010596454143524169921875"
"254","40.3684999999999973852027324028313159942626953125","-80.050399999999996225596987642347812652587890625"
"255","37.4405000000000001136868377216160297393798828125","-122.1478000000000037061909097246825695037841796875"
"256","39.97440000000000281943357549607753753662109375","-86.0828999999999950887286104261875152587890625"
"257","39.2124000000000023646862246096134185791015625","-76.877600000000001045918907038867473602294921875"
"258","30.366800000000001347189027001149952411651611328125","-81.587299999999999045030563138425350189208984375"
"259","33.8019000000000033878677641041576862335205078125","-84.38609999999999899955582804977893829345703125"
"260","38.984600000000000363797880709171295166015625","-119.1556000000000068439476308412849903106689453125"
"261","41.56960000000000121644916362129151821136474609375","-81.209599999999994679455994628369808197021484375"
"262","40.03450000000000130739863379858434200286865234375","-75.1192999999999955207385937683284282684326171875"
"263","47.1101000000000027512214728631079196929931640625","-122.775000000000005684341886080801486968994140625"
"264","40.5656000000000034333424991928040981292724609375","-89.625100000000003319655661471188068389892578125"
"265","34.79809999999999803321770741604268550872802734375","-82.3958999999999974761522025801241397857666015625"
"266","41.2580999999999988858689903281629085540771484375","-95.9325000000000045474735088646411895751953125"
"267","37.77029999999999887450030655600130558013916015625","-122.4407000000000067529981606639921665191650390625"
"268","39.76970000000000027284841053187847137451171875","-89.6885999999999938836481305770576000213623046875"
"269","41.7042000000000001591615728102624416351318359375","-71.4557999999999964302332955412566661834716796875"
"270","36.732799999999997453414835035800933837890625","-76.589799999999996771293808706104755401611328125"
"271","27.788900000000001710986907710321247577667236328125","-82.71920000000000072759576141834259033203125"
"272","27.239999999999998436805981327779591083526611328125","-82.4754999999999967030817060731351375579833984375"
"273","41.83149999999999835154085303656756877899169921875","-72.7198000000000064346750150434672832489013671875"
"274","40.69500000000000028421709430404007434844970703125","-73.79099999999999681676854379475116729736328125"
"275","36.17320000000000135287336888723075389862060546875","-85.45359999999999445208231918513774871826171875"
"276","32.854500000000001591615728102624416351318359375","-97.1359000000000065710992203094065189361572265625"
"277","33.3121000000000009322320693172514438629150390625","-111.8212999999999937017491902224719524383544921875"
"278","39.37729999999999819237928022630512714385986328125","-74.612300000000004729372449219226837158203125"
"279","39.0176000000000016143530956469476222991943359375","-95.743099999999998317434801720082759857177734375"
"280","34.48020000000000351292328559793531894683837890625","-117.409300000000001773514668457210063934326171875"
"281","42.53009999999999735109668108634650707244873046875","-71.755300000000005411493475548923015594482421875"
"282","39.1417000000000001591615728102624416351318359375","-84.517200000000002546585164964199066162109375"
"283","41.9209000000000031604940886609256267547607421875","-87.7043000000000034788172342814505100250244140625"
"284","40.64620000000000032969182939268648624420166015625","-73.9558999999999997498889570124447345733642578125"
"285","36.79690000000000082991391536779701709747314453125","-76.179699999999996862243278883397579193115234375"
"286","40.09830000000000183035808731801807880401611328125","-75.1032000000000010686562745831906795501708984375"
"287","32.91669999999999873807610129006206989288330078125","-117.0902999999999991587174008600413799285888671875"
"288","26.215399999999998925659383530728518962860107421875","-80.2710000000000007958078640513122081756591796875"
"289","46.59219999999999828332875040359795093536376953125","-120.530000000000001136868377216160297393798828125"
"290","44.91210000000000235331754083745181560516357421875","-93.1717000000000012960299500264227390289306640625"
"291","40.17880000000000251247911364771425724029541015625","-77.0046999999999997044142219237983226776123046875"
"292","42.757800000000003137756721116602420806884765625","-71.46989999999999554347596131265163421630859375"
"293","37.75099999999999766941982670687139034271240234375","-97.8220000000000027284841053187847137451171875"
"294","40.68769999999999953388396534137427806854248046875","-73.9266999999999967485564411617815494537353515625"
"295","41.98400000000000176214598468504846096038818359375","-76.52150000000000318323145620524883270263671875"
"296","43.11970000000000169393388205207884311676025390625","-70.9240999999999957026375341229140758514404296875"
"297","43.30330000000000012505552149377763271331787109375","-88.001699999999999590727384202182292938232421875"
"298","45.0116000000000013869794202037155628204345703125","-93.03509999999999990905052982270717620849609375"
"299","34.1210999999999984311216394416987895965576171875","-117.4361999999999994770405464805662631988525390625"
"300","33.8780000000000001136868377216160297393798828125","-83.892300000000005866240826435387134552001953125"
"301","40.11489999999999866986399865709245204925537109375","-82.9054000000000002046363078989088535308837890625"
"302","41.141300000000001091393642127513885498046875","-81.3444999999999964757080306299030780792236328125"
"303","47.1037000000000034560798667371273040771484375","-122.323499999999995679900166578590869903564453125"
"304","39.77640000000000242152964347042143344879150390625","-86.107699999999994133759173564612865447998046875"
"305","35.15670000000000072759576141834259033203125","-89.927400000000005775291356258094310760498046875"
"306","29.811800000000001631406121305190026760101318359375","-95.5087999999999937017491902224719524383544921875"
"307","37.75099999999999766941982670687139034271240234375","-97.8220000000000027284841053187847137451171875"
"308","45.48049999999999926103555480949580669403076171875","-122.6363000000000056388671509921550750732421875"
"309","33.83579999999999898818714427761733531951904296875","-117.9063000000000016598278307355940341949462890625"
"310","33.33220000000000027284841053187847137451171875","-111.994200000000006411937647499144077301025390625"
"311","37.25569999999999737383404863066971302032470703125","-79.98120000000000118234311230480670928955078125"
"312","33.09510000000000218278728425502777099609375","-96.8804999999999978399500832892954349517822265625"
"313","35.050600000000002864908310584723949432373046875","-106.7249000000000052068571676500141620635986328125"
"314","34.226799999999997226041159592568874359130859375","-119.048799999999999954525264911353588104248046875"
"315","38.8361000000000018417267710901796817779541015625","-104.8148000000000052978066378273069858551025390625"
"316","37.75099999999999766941982670687139034271240234375","-97.8220000000000027284841053187847137451171875"
"317","30.04090000000000060254023992456495761871337890625","-95.5301999999999935653249849565327167510986328125"
"318","33.49170000000000158024704433046281337738037109375","-111.983699999999998908606357872486114501953125"
"319","39.3359999999999985220711096189916133880615234375","-84.312600000000003319655661471188068389892578125"
"320","30.508900000000000574118530494160950183868408203125","-97.67959999999999354258761741220951080322265625"
"321","41.70519999999999782858139951713383197784423828125","-83.6426000000000016143530956469476222991943359375"
"322","40.6570999999999997953636921010911464691162109375","-111.8342999999999989313437254168093204498291015625"
"323","38.9307000000000016370904631912708282470703125","-77.1672999999999973397279973141849040985107421875"
"324","35.233800000000002228262019343674182891845703125","-97.4094999999999942019712761975824832916259765625"
"325","36.5818000000000012050804798491299152374267578125","-87.4162000000000034560798667371273040771484375"
"326","21.2890000000000014779288903810083866119384765625","-157.80279999999999063220457173883914947509765625"
"327","39.1090999999999979763742885552346706390380859375","-84.6081999999999965211827657185494899749755859375"
"328","39.2725999999999970668795867823064327239990234375","-76.861400000000003274180926382541656494140625"
"329","47.83019999999999782858139951713383197784423828125","-122.33310000000000172803993336856365203857421875"
"330","35.6304999999999978399500832892954349517822265625","-95.96649999999999636202119290828704833984375"
"331","26.251599999999999823785401531495153903961181640625","-98.2270999999999929741534288041293621063232421875"
"332","39.19950000000000045474735088646411895751953125","-94.52649999999999863575794734060764312744140625"
"333","30.65520000000000067075234255753457546234130859375","-93.896399999999999863575794734060764312744140625"
"334","28.558800000000001517719283583573997020721435546875","-81.349500000000006139089236967265605926513671875"
"335","29.41870000000000118234311230480670928955078125","-98.68819999999999481588019989430904388427734375"
"336","37.415199999999998681232682429254055023193359375","-122.122399999999998954081092961132526397705078125"
"337","33.430599999999998317434801720082759857177734375","-111.925600000000002864908310584723949432373046875"
"338","40.30720000000000169393388205207884311676025390625","-88.1444999999999936335370875895023345947265625"
"339","38.64330000000000353566065314225852489471435546875","-90.25749999999999317878973670303821563720703125"
"340","29.66689999999999827196006663143634796142578125","-81.6578999999999979308995534665882587432861328125"
"341","39.738799999999997680788510479032993316650390625","-104.9868000000000023419488570652902126312255859375"
"342","33.87749999999999772626324556767940521240234375","-84.501699999999999590727384202182292938232421875"
"343","40.472499999999996589394868351519107818603515625","-79.910899999999998044586391188204288482666015625"
"344","33.370800000000002683009370230138301849365234375","-84.8153999999999967940311762504279613494873046875"
"345","42.075299999999998590283212251961231231689453125","-80.0670999999999963847585604526102542877197265625"
"346","36.09129999999999682813722756691277027130126953125","-80.327100000000001500666257925331592559814453125"
"347","34.30330000000000012505552149377763271331787109375","-77.8038999999999987267074175179004669189453125"
"348","32.797899999999998499333742074668407440185546875","-97.358599999999995588950696401298046112060546875"
"349","26.27289999999999992041921359486877918243408203125","-80.2600000000000051159076974727213382720947265625"
"350","40.59779999999999944293449516408145427703857421875","-74.000100000000003319655661471188068389892578125"
"351","35.6173000000000001818989403545856475830078125","-87.03170000000000072759576141834259033203125"
"352","41.88719999999999998863131622783839702606201171875","-72.1436000000000063892002799548208713531494140625"
"353","46.8153999999999967940311762504279613494873046875","-92.1951999999999998181010596454143524169921875"
"354","34.7665999999999968395059113390743732452392578125","-84.98480000000000700310920365154743194580078125"
"355","44.44550000000000267164068645797669887542724609375","-83.3580999999999932015271042473614215850830078125"
"356","29.4551000000000016143530956469476222991943359375","-98.649799999999999045030563138425350189208984375"
"357","40.852699999999998681232682429254055023193359375","-74.651399999999995316102285869419574737548828125"
"358","32.7404999999999972715158946812152862548828125","-117.09350000000000591171556152403354644775390625"
"359","26.717999999999999971578290569595992565155029296875","-80.0989000000000004320099833421409130096435546875"
"360","40.7359000000000008867573342286050319671630859375","-73.990399999999993951860233210027217864990234375"
"361","38.89569999999999794226823723874986171722412109375","-77.0443000000000068894223659299314022064208984375"
"362","39.94839999999999946567186270840466022491455078125","-74.9874999999999971578290569595992565155029296875"
"363","44.6554000000000002046363078989088535308837890625","-123.1350000000000051159076974727213382720947265625"
"364","43.18990000000000151203494169749319553375244140625","-89.21850000000000591171556152403354644775390625"
"365","38.71900000000000119371179607696831226348876953125","-77.1067000000000035697667044587433338165283203125"
"366","42.96209999999999951114659779705107212066650390625","-71.4489999999999980673237587325274944305419921875"
"367","36.02289999999999992041921359486877918243408203125","-78.9463999999999970214048516936600208282470703125"
"368","35.902500000000003410605131648480892181396484375","-115.1788999999999987267074175179004669189453125"
"369","41.34949999999999903366187936626374721527099609375","-72.1029999999999944293449516408145427703857421875"
"370","29.571999999999999175770426518283784389495849609375","-95.5400000000000062527760746888816356658935546875"
"371","33.70150000000000289901436190120875835418701171875","-117.7527999999999934743755147792398929595947265625"
"372","40.18730000000000046611603465862572193145751953125","-82.989900000000005775291356258094310760498046875"
"373","44.70190000000000196678229258395731449127197265625","-88.4569999999999936335370875895023345947265625"
"374","41.14840000000000230784280574880540370941162109375","-95.90670000000000072759576141834259033203125"
"375","41.84669999999999845385900698602199554443359375","-73.017799999999994042809703387320041656494140625"
"376","30.129400000000000403588273911736905574798583984375","-95.423799999999999954525264911353588104248046875"
"377","42.375","-70.9756000000000000227373675443232059478759765625"
"378","34.7770000000000010231815394945442676544189453125","-77.376900000000006230038707144558429718017578125"
"379","30.2393000000000000682121026329696178436279296875","-95.540899999999993497112882323563098907470703125"
"380","21.2984000000000008867573342286050319671630859375","-157.696200000000004592948243953287601470947265625"
"381","37.75099999999999766941982670687139034271240234375","-97.8220000000000027284841053187847137451171875"
"382","37.15039999999999764668245916254818439483642578125","-84.5228000000000037061909097246825695037841796875"
"383","40.29950000000000187583282240666449069976806640625","-76.5867999999999966576069709844887256622314453125"
"384","39.98100000000000164845914696343243122100830078125","-75.1698999999999983856469043530523777008056640625"
"385","37.96430000000000148929757415316998958587646484375","-84.4702999999999946112438919954001903533935546875"
"386","39.13969999999999771489456179551780223846435546875","-86.5140999999999991132426657713949680328369140625"
"387","35.1871000000000009322320693172514438629150390625","-106.665899999999993497112882323563098907470703125"
"388","33.21090000000000230784280574880540370941162109375","-117.2232000000000056161297834478318691253662109375"
"389","35.24159999999999826059138285927474498748779296875","-81.2181000000000068439476308412849903106689453125"
"390","28.634399999999999408828443847596645355224609375","-81.6221000000000032059688237495720386505126953125"
"391","40.0711000000000012732925824820995330810546875","-75.2051000000000016143530956469476222991943359375"
"392","39.7006999999999976580511429347097873687744140625","-75.7419000000000011141310096718370914459228515625"
"393","25.77929999999999921556081972084939479827880859375","-80.2087999999999965439201332628726959228515625"
"394","41.4343999999999965666575008071959018707275390625","-81.6372999999999962028596200980246067047119140625"
"395","42.45089999999999719193510827608406543731689453125","-73.2494999999999976125764078460633754730224609375"
"396","44.3695000000000021600499167107045650482177734375","-100.3211000000000012732925824820995330810546875"
"397","43.801299999999997680788510479032993316650390625","-91.2133999999999929286786937154829502105712890625"
"398","42.34740000000000037516656448133289813995361328125","-71.158199999999993679011822678148746490478515625"
"399","35.027500000000003410605131648480892181396484375","-99.08490000000000463842297904193401336669921875"
"400","34.0902999999999991587174008600413799285888671875","-118.374899999999996680344338528811931610107421875"
"401","38.9637000000000028876456781290471553802490234375","-77.6098999999999961119101499207317829132080078125"
"402","42.64110000000000155750967678613960742950439453125","-83.0450000000000017053025658242404460906982421875"
"403","28.652899999999998925659383530728518962860107421875","-81.2105999999999994543031789362430572509765625"
"404","45.665199999999998681232682429254055023193359375","-122.52150000000000318323145620524883270263671875"
"405","41.945999999999997953636921010911464691162109375","-87.7032999999999987039700499735772609710693359375"
"406","41.60210000000000007958078640513122081756591796875","-93.6123999999999938381733954884111881256103515625"
"407","47.61370000000000146656020660884678363800048828125","-122.3104000000000013415046851150691509246826171875"
"408","35.059899999999998954081092961132526397705078125","-80.697599999999994224708643741905689239501953125"
"409","39.2124000000000023646862246096134185791015625","-76.877600000000001045918907038867473602294921875"
"410","43.4260000000000019326762412674725055694580078125","-85.2956999999999965211827657185494899749755859375"
"411","40.40489999999999781721271574497222900390625","-79.8187999999999959754859446547925472259521484375"
"412","35.91040000000000276259015663526952266693115234375","-86.76200000000000045474735088646411895751953125"
"413","40.703699999999997771737980656325817108154296875","-111.8093999999999965666575008071959018707275390625"
"414","40.59559999999999746478351880796253681182861328125","-74.080600000000004001776687800884246826171875"
"415","30.49080000000000012505552149377763271331787109375","-84.315799999999995861799106933176517486572265625"
"416","36.2712999999999965439201332628726959228515625","-94.220699999999993679011822678148746490478515625"
"417","38.77409999999999712372300564311444759368896484375","-77.2385000000000019326762412674725055694580078125"
"418","42.3633999999999986130205797962844371795654296875","-71.0712999999999937017491902224719524383544921875"
"419","35.76140000000000185309545486234128475189208984375","-78.6015000000000014779288903810083866119384765625"
"420","47.734600000000000363797880709171295166015625","-122.3478999999999956571627990342676639556884765625"
"421","33.312399999999996680344338528811931610107421875","-111.919499999999999317878973670303821563720703125"
"422","45.45490000000000208046913030557334423065185546875","-122.8016999999999967485564411617815494537353515625"
"423","33.87440000000000139834810397587716579437255859375","-117.8564999999999969304553815163671970367431640625"
"424","32.87069999999999936335370875895023345947265625","-79.802899999999993951860233210027217864990234375"
"425","34.0756999999999976580511429347097873687744140625","-118.31610000000000582076609134674072265625"
"426","32.950299999999998590283212251961231231689453125","-96.8190000000000026147972675971686840057373046875"
"427","36.04990000000000094360075308941304683685302734375","-83.92279999999999517967808060348033905029296875"
"428","40.65679999999999694182406528852880001068115234375","-75.391199999999997771737980656325817108154296875"
"429","47.6732999999999975671016727574169635772705078125","-122.34260000000000445652403868734836578369140625"
"430","29.28659999999999996589394868351519107818603515625","-81.0868999999999999772626324556767940521240234375"
"431","33.921199999999998908606357872486114501953125","-118.1423999999999949750417727045714855194091796875"
"432","41.743099999999998317434801720082759857177734375","-87.8066000000000030922819860279560089111328125"
"433","40.7605999999999966121322358958423137664794921875","-72.98439999999999372448655776679515838623046875"
"434","25.81530000000000057980287238024175167083740234375","-80.357699999999994133759173564612865447998046875"
"435","42.51440000000000196678229258395731449127197265625","-90.6929999999999978399500832892954349517822265625"
"436","47.3830999999999988858689903281629085540771484375","-122.2091999999999956116880639456212520599365234375"
"437","40.75","-111.9209000000000031604940886609256267547607421875"
"438","40.79560000000000030695446184836328029632568359375","-77.042699999999996407495927996933460235595703125"
"439","34.02969999999999828332875040359795093536376953125","-84.1469000000000022509993868879973888397216796875"
"440","46.9207999999999998408384271897375583648681640625","-98.7450000000000045474735088646411895751953125"
"441","33.03909999999999769215719425119459629058837890625","-97.076400000000006684786058031022548675537109375"
"442","42.3464000000000027057467377744615077972412109375","-71.097499999999996589394868351519107818603515625"
"443","33.46560000000000201225702767260372638702392578125","-111.995599999999996043698047287762165069580078125"
"444","47.6732999999999975671016727574169635772705078125","-122.34260000000000445652403868734836578369140625"
"445","32.75659999999999882902557146735489368438720703125","-97.7905999999999977490006131120026111602783203125"
"446","42.9284999999999996589394868351519107818603515625","-83.6332000000000022055246517993509769439697265625"
"447","42.3796999999999997044142219237983226776123046875","-71.103399999999993497112882323563098907470703125"
"448","39.94859999999999899955582804977893829345703125","-75.23390000000000554791768081486225128173828125"
"449","38.88969999999999771489456179551780223846435546875","-121.2873000000000018872015061788260936737060546875"
"450","29.625099999999999766941982670687139034271240234375","-95.4831999999999965211827657185494899749755859375"
"451","37.65379999999999682813722756691277027130126953125","-122.425700000000006184563972055912017822265625"
"452","36.54910000000000280806489172391593456268310546875","-82.5584000000000060026650317013263702392578125"
"453","45.71260000000000189857018995098769664764404296875","-122.6239000000000061163518694229423999786376953125"
"454","42.2804000000000002046363078989088535308837890625","-83.7325000000000017053025658242404460906982421875"
